,ppid,targetoccurence,targetnumber,trialn,CurrentAudio,RT,ResponseCategory,Target1,Target2,Target3
0,P01,0.4,1,0,o,0.9996420012792572,1,o,,
1,P01,0.4,1,0,y,-1.0,4,o,,
2,P01,0.4,1,0,k,-1.0,4,o,,
3,P01,0.4,1,0,o,0.5662407810046961,1,o,,
4,P01,0.4,1,0,j,-1.0,4,o,,
5,P01,0.4,1,0,o,0.5663102074007931,1,o,,
6,P01,0.4,1,0,m,-1.0,4,o,,
7,P01,0.4,1,0,t,-1.0,4,o,,
8,P01,0.4,1,0,o,0.5496762466037666,1,o,,
9,P01,0.4,3,1,m,-1.0,4,b,h,o
10,P01,0.4,3,1,b,0.5996481590987379,1,b,h,o
11,P01,0.4,3,1,t,-1.0,4,b,h,o
12,P01,0.4,3,1,l,-1.0,4,b,h,o
13,P01,0.4,3,1,y,-1.0,4,b,h,o
14,P01,0.4,3,1,o,0.4329526653849953,1,b,h,o
15,P01,0.4,3,1,h,0.7829115076062719,1,b,h,o
16,P01,0.4,3,1,b,0.8496175963917594,1,b,h,o
17,P01,0.4,3,1,n,-1.0,4,b,h,o
18,P01,0.4,3,2,o,0.7498044741388199,1,h,o,b
19,P01,0.4,3,2,b,0.6497227019183711,1,h,o,b
20,P01,0.4,3,2,m,-1.0,4,h,o,b
21,P01,0.4,3,2,j,-1.0,4,h,o,b
22,P01,0.4,3,2,h,0.6663805091731874,1,h,o,b
23,P01,0.4,3,2,j,-1.0,4,h,o,b
24,P01,0.4,3,2,y,-1.0,4,h,o,b
25,P01,0.4,3,2,y,-1.0,4,h,o,b
26,P01,0.4,3,2,b,0.5997610524558752,1,h,o,b
27,P01,0.4,3,2,n,-1.0,4,h,o,b
28,P01,0.4,1,3,h,0.48316666470461206,1,h,,
29,P01,0.4,1,3,h,0.4163162897567929,1,h,,
30,P01,0.4,1,3,i,-1.0,4,h,,
31,P01,0.4,1,3,h,0.4830990494318996,1,h,,
32,P01,0.4,1,3,h,0.4997034285471074,1,h,,
33,P01,0.4,1,3,h,0.5164053064707588,1,h,,
34,P01,0.4,1,3,h,0.5163645561947874,1,h,,
35,P01,0.4,1,3,h,0.5663183574559838,1,h,,
36,P01,0.4,1,3,t,-1.0,4,h,,
37,P01,0.4,1,3,h,0.5663582021702638,1,h,,
38,P01,0.4,1,4,b,0.6664976284848763,1,b,,
39,P01,0.4,1,4,b,0.6496230901326641,1,b,,
40,P01,0.4,1,4,k,-1.0,4,b,,
41,P01,0.4,1,4,b,0.6663962055757935,1,b,,
42,P01,0.4,1,4,b,0.5997375078519838,1,b,,
43,P01,0.4,1,4,b,0.5996584221311991,1,b,,
44,P01,0.4,1,4,l,-1.0,4,b,,
45,P01,0.4,1,4,j,-1.0,4,b,,
46,P01,0.4,1,4,k,-1.0,4,b,,
47,P01,0.4,3,5,b,0.6664568782088907,1,o,b,h
48,P01,0.4,3,5,a,-1.0,4,o,b,h
49,P01,0.4,3,5,t,-1.0,4,o,b,h
50,P01,0.4,3,5,k,-1.0,4,o,b,h
51,P01,0.4,3,5,t,-1.0,4,o,b,h
52,P01,0.4,3,5,k,-1.0,4,o,b,h
53,P01,0.4,3,5,m,-1.0,4,o,b,h
54,P01,0.4,3,5,b,0.5497369192368637,1,o,b,h
55,P01,0.4,3,5,s,-1.0,4,o,b,h
